"","country","crop_type","site","colony_code","total_production","queenCocoon_production","wt_change","wt_max","wt_1","wt_2","wt_3","cropland_prop","cropland_prop_centered","pesticideRisk","pesticideRisk_log_centered","MCR","uniqueCompound_count"
"1","CHE","OSR",1,"CHE_OSR_01_B1",1170,230,0.726733760156509,1423,688,1227,1423,0.4482,-0.495566715849722,66.9724770642202,0.321915051787414,1,1
"2","CHE","OSR",1,"CHE_OSR_01_B2",1349,143,0.735563501815013,1517,727,1315,1517,0.4482,-0.495566715849722,66.9724770642202,0.321915051787414,1,1
"3","CHE","OSR",1,"CHE_OSR_01_B3",1246,3,0.582836159742263,1209,675,1209,1144,0.4482,-0.495566715849722,66.9724770642202,0.321915051787414,1,1
"4","CHE","OSR",2,"CHE_OSR_02_B1",818,111,0.737013862665527,1398,669,1398,1392,0.4808,-0.344946698229218,73.7895505066897,0.349818639192078,1.00538262565365,6
"5","CHE","OSR",2,"CHE_OSR_02_B2",1211,267,0.714368136042831,1524,746,1524,1428,0.4808,-0.344946698229218,73.7895505066897,0.349818639192078,1.00538262565365,6
"6","CHE","OSR",2,"CHE_OSR_02_B3",1388,100,0.827119859983915,1619,708,1414,1619,0.4808,-0.344946698229218,73.7895505066897,0.349818639192078,1.00538262565365,6
"7","CHE","OSR",3,"CHE_OSR_03_B1",1325,363,0.858565585233546,1666,706,1466,1666,0.379,-0.815287734847848,86.3654138843431,0.395126488565488,1.27103816659977,8
"8","CHE","OSR",3,"CHE_OSR_03_B2",1556,305,0.861195015141446,1739,735,1527,1739,0.379,-0.815287734847848,86.3654138843431,0.395126488565488,1.27103816659977,8
"9","CHE","OSR",3,"CHE_OSR_03_B3",1017,121,0.736319352425154,1562,748,1412,1562,0.379,-0.815287734847848,86.3654138843431,0.395126488565488,1.27103816659977,8
"10","CHE","OSR",4,"CHE_OSR_04_B1",1447,2,0.582156186254833,1346,752,1346,1323,0.6162,0.280634601949194,105.815530079435,0.453615161228503,1.00294719814421,7
"11","CHE","OSR",4,"CHE_OSR_04_B2",1121,31,0.519135201571931,1289,767,1180,1289,0.6162,0.280634601949194,105.815530079435,0.453615161228503,1.00294719814421,7
"12","CHE","OSR",4,"CHE_OSR_04_B3",1077,163,0.759671524503568,1445,676,1283,1445,0.6162,0.280634601949194,105.815530079435,0.453615161228503,1.00294719814421,7
"13","CHE","OSR",5,"CHE_OSR_05_B1",1021,283,0.915665536480237,1599,640,1453,1599,0.5261,-0.135649557179867,235.043753980385,0.683524186097403,1.00077223374461,4
"14","CHE","OSR",5,"CHE_OSR_05_B2",1471,16,0.772268229182064,1446,668,1313,1446,0.5261,-0.135649557179867,235.043753980385,0.683524186097403,1.00077223374461,4
"15","CHE","OSR",5,"CHE_OSR_05_B3",1180,243,0.835923897603194,1661,720,1358,1661,0.5261,-0.135649557179867,235.043753980385,0.683524186097403,1.00077223374461,4
"16","CHE","OSR",6,"CHE_OSR_06_B1",715,56,0.374235804474382,993,683,971,993,0.467,-0.408706092191272,0,-1.55423160911155,0,0
"17","CHE","OSR",6,"CHE_OSR_06_B2",823,54,0.370270859986372,1005,694,1005,878,0.467,-0.408706092191272,0,-1.55423160911155,0,0
"18","CHE","OSR",6,"CHE_OSR_06_B3",1073,99,0.715029891809453,1386,678,1386,1356,0.467,-0.408706092191272,0,-1.55423160911155,0,0
"19","CHE","OSR",7,"CHE_OSR_07_B1",1873,25,0.839316972056191,1456,629,1275,1456,0.51,-0.210035516802264,0.127859498046255,-1.31682652308075,1.67495942440595,4
"20","CHE","OSR",7,"CHE_OSR_07_B2",819,232,0.677729916532618,1416,719,1155,1416,0.51,-0.210035516802264,0.127859498046255,-1.31682652308075,1.67495942440595,4
"21","CHE","OSR",7,"CHE_OSR_07_B3",1098,159,0.780684181740389,1384,634,1317,1384,0.51,-0.210035516802264,0.127859498046255,-1.31682652308075,1.67495942440595,4
"22","CHE","OSR",8,"CHE_OSR_08_B1",1432,147,0.743104807005302,1457,693,1457,1117,0.4339,-0.561636232781416,0.028,-1.48306993535944,1,1
"23","CHE","OSR",8,"CHE_OSR_08_B2",1401,47,0.693895403565297,1337,668,1127,1337,0.4339,-0.561636232781416,0.028,-1.48306993535944,1,1
"24","CHE","OSR",8,"CHE_OSR_08_B3",1287,34,0.498389058724982,1172,712,1162,1172,0.4339,-0.561636232781416,0.028,-1.48306993535944,1,1
"25","CHE","APP",9,"CHE_APP_09_B1",719,4,0.319925401729991,935,679,848,935,0.5121,-0.200333000329777,19592.95938345,1.9584534084568,1.04317462928949,9
"26","CHE","APP",9,"CHE_APP_09_B2",303,36,0,720,720,694,696,0.5121,-0.200333000329777,19592.95938345,1.9584534084568,1.04317462928949,9
"27","CHE","APP",9,"CHE_APP_09_B3",553,84,0.0496413116330012,764,727,758,764,0.5121,-0.200333000329777,19592.95938345,1.9584534084568,1.04317462928949,9
"28","CHE","APP",10,"CHE_APP_10_B1",701,148,0.587786664902119,1287,715,984,1287,0.4356,-0.553781814684641,3.40188044768262,-0.529186394157819,2.76575646153058,9
"29","CHE","APP",10,"CHE_APP_10_B2",852,84,0.54647190081747,1266,733,974,1266,0.4356,-0.553781814684641,3.40188044768262,-0.529186394157819,2.76575646153058,9
"30","CHE","APP",10,"CHE_APP_10_B3",1083,71,0.773082297722861,1549,715,1177,1549,0.4356,-0.553781814684641,3.40188044768262,-0.529186394157819,2.76575646153058,9
"31","CHE","APP",11,"CHE_APP_11_B1",912,14,0.567239713046082,1185,672,1118,1185,0.2439,-1.43948296124448,73.7124989060248,0.349517878918328,1.00433279759459,6
"32","CHE","APP",11,"CHE_APP_11_B2",698,99,0.477026389581574,1086,674,972,1086,0.2439,-1.43948296124448,73.7124989060248,0.349517878918328,1.00433279759459,6
"33","CHE","APP",11,"CHE_APP_11_B3",831,129,0.456538210928162,1195,757,1112,1195,0.2439,-1.43948296124448,73.7124989060248,0.349517878918328,1.00433279759459,6
"34","CHE","APP",13,"CHE_APP_13_B1",929,149,0.730887508542792,1485,715,1159,1485,0.4121,-0.662357594257704,363.072183549717,0.808828193738092,1.00189539258023,4
"35","CHE","APP",13,"CHE_APP_13_B2",697,81,0.548402299019563,1175,679,1027,1175,0.4121,-0.662357594257704,363.072183549717,0.808828193738092,1.00189539258023,4
"36","CHE","APP",13,"CHE_APP_13_B3",1143,44,0.92347209128282,1677,666,1323,1677,0.4121,-0.662357594257704,363.072183549717,0.808828193738092,1.00189539258023,4
"37","CHE","APP",14,"CHE_APP_14_B1",1350,117,0.933813082566357,2015,792,1281,2015,0.4394,-0.53622488011538,169.355252084485,0.589085487264617,1.37601142318644,17
"38","CHE","APP",14,"CHE_APP_14_B2",1138,69,0.497115040527483,1159,705,1159,1153,0.4394,-0.53622488011538,169.355252084485,0.589085487264617,1.37601142318644,17
"39","CHE","APP",14,"CHE_APP_14_B3",1241,58,0.700717239420491,1326,658,1172,1326,0.4394,-0.53622488011538,169.355252084485,0.589085487264617,1.37601142318644,17
"40","CHE","APP",16,"CHE_APP_16_B1",881,225,0.743530308324183,1445,687,1240,1445,0.2627,-1.35262233758603,1226.81584739919,1.15975948780904,1.0612930743374,11
"41","CHE","APP",16,"CHE_APP_16_B2",1032,220,0.681569627217502,1374,695,1356,1374,0.2627,-1.35262233758603,1226.81584739919,1.15975948780904,1.0612930743374,11
"42","CHE","APP",16,"CHE_APP_16_B3",1047,258,0.68117098951323,1411,714,1317,1411,0.2627,-1.35262233758603,1226.81584739919,1.15975948780904,1.0612930743374,11
"43","ESP","OSR",1,"ESP_OSR_01_B1",532,1,0,716,716,600,509,0.6514,0.443267259011825,0.0437375745526839,-1.44964276173691,1,1
"44","ESP","OSR",1,"ESP_OSR_01_B3",396,0,0,723,723,605,529,0.6514,0.443267259011825,0.0437375745526839,-1.44964276173691,1,1
"45","ESP","OSR",2,"ESP_OSR_02_B1",322,19,0,743,743,655,660,0.9432,1.79145502409351,776.732864298196,1.02801166249152,1.00482906118783,5
"46","ESP","OSR",2,"ESP_OSR_02_B2",321,0,0,710,710,636,639,0.9432,1.79145502409351,776.732864298196,1.02801166249152,1.00482906118783,5
"47","ESP","OSR",2,"ESP_OSR_02_B3",459,49,0.037960762239223,698,672,698,632,0.9432,1.79145502409351,776.732864298196,1.02801166249152,1.00482906118783,5
"48","ESP","OSR",3,"ESP_OSR_03_B1",508,44,0.218108741330052,842,677,692,842,0.9279,1.72076526122254,224.885924930403,0.670794534797827,1.1725335658136,10
"49","ESP","OSR",3,"ESP_OSR_03_B2",458,0,0,794,794,638,601,0.9279,1.72076526122254,224.885924930403,0.670794534797827,1.1725335658136,10
"50","ESP","OSR",3,"ESP_OSR_03_B3",390,20,0.100284362625966,786,711,725,786,0.9279,1.72076526122254,224.885924930403,0.670794534797827,1.1725335658136,10
"51","ESP","OSR",4,"ESP_OSR_04_B1",543,19,0,801,801,721,701,0.975,1.9383788449626,247.937235250915,0.698912419233568,1.06062039524002,6
"52","ESP","OSR",4,"ESP_OSR_04_B2",213,0,0,680,680,562,532,0.975,1.9383788449626,247.937235250915,0.698912419233568,1.06062039524002,6
"53","ESP","OSR",4,"ESP_OSR_04_B3",374,31,0,869,869,813,790,0.975,1.9383788449626,247.937235250915,0.698912419233568,1.06062039524002,6
"54","ESP","OSR",5,"ESP_OSR_05_B1",903,2,0.179212622088483,835,698,580,835,0.9385,1.7697398681789,23.0861602856285,0.0157123352210233,1.07185744183275,7
"55","ESP","OSR",5,"ESP_OSR_05_B2",447,0,0,753,753,674,636,0.9385,1.7697398681789,23.0861602856285,0.0157123352210233,1.07185744183275,7
"56","ESP","OSR",5,"ESP_OSR_05_B3",745,1,0,763,763,601,605,0.9385,1.7697398681789,23.0861602856285,0.0157123352210233,1.07185744183275,7
"57","ESP","OSR",7,"ESP_OSR_07_B1",812,1,0.0169385157280414,774,761,670,774,0.9343,1.75033483523393,1275.11285848921,1.17088935143677,1.06259404874101,8
"58","ESP","OSR",7,"ESP_OSR_07_B2",511,0,0,719,719,569,596,0.9343,1.75033483523393,1275.11285848921,1.17088935143677,1.06259404874101,8
"59","ESP","OSR",7,"ESP_OSR_07_B3",371,0,0,751,751,580,625,0.9343,1.75033483523393,1275.11285848921,1.17088935143677,1.06259404874101,8
"60","ESP","OSR",8,"ESP_OSR_08_B1",310,0,0,716,716,603,587,0.9741,1.93422062361724,284.967319285554,0.739023792184497,1.00340605382238,7
"61","ESP","OSR",8,"ESP_OSR_08_B2",378,0,0,735,735,653,585,0.9741,1.93422062361724,284.967319285554,0.739023792184497,1.00340605382238,7
"62","ESP","OSR",8,"ESP_OSR_08_B3",369,0,0,822,822,680,621,0.9741,1.93422062361724,284.967319285554,0.739023792184497,1.00340605382238,7
"63","ESP","APP",9,"ESP_APP_09_B1",413,0,0,756,756,686,658,0.5015,-0.249307607286137,0.134794871794872,-1.30818339351178,1.8775,2
"64","ESP","APP",9,"ESP_APP_09_B2",459,2,0,699,699,629,674,0.5015,-0.249307607286137,0.134794871794872,-1.30818339351178,1.8775,2
"65","ESP","APP",9,"ESP_APP_09_B3",415,0,0,730,730,647,618,0.5015,-0.249307607286137,0.134794871794872,-1.30818339351178,1.8775,2
"66","ESP","APP",10,"ESP_APP_10_B1",514,27,0.167054084663166,832,704,730,832,0.2927,-1.21401495940765,609.959396092322,0.958346435197637,1.46624854829885,9
"67","ESP","APP",10,"ESP_APP_10_B2",789,9,0.294508037522181,980,730,841,980,0.2927,-1.21401495940765,609.959396092322,0.958346435197637,1.46624854829885,9
"68","ESP","APP",10,"ESP_APP_10_B3",588,12,0.229219239708467,908,722,818,908,0.2927,-1.21401495940765,609.959396092322,0.958346435197637,1.46624854829885,9
"69","ESP","APP",13,"ESP_APP_13_B1",343,0,0,660,660,570,530,0.7331,0.820741352250941,3938.47457318061,1.49596998086824,1.09147648055199,19
"70","ESP","APP",13,"ESP_APP_13_B2",498,0,0,737,737,620,597,0.7331,0.820741352250941,3938.47457318061,1.49596998086824,1.09147648055199,19
"71","ESP","APP",13,"ESP_APP_13_B3",91,0,0,690,690,560,NA,0.7331,0.820741352250941,3938.47457318061,1.49596998086824,1.09147648055199,19
"72","ESP","APP",14,"ESP_APP_14_B1",423,1,0,671,671,594,616,0.792,1.09287383807449,1874.88009681576,1.28201202945194,1.15203475828438,21
"73","ESP","APP",14,"ESP_APP_14_B2",351,0,0,709,709,649,579,0.792,1.09287383807449,1874.88009681576,1.28201202945194,1.15203475828438,21
"74","ESP","APP",14,"ESP_APP_14_B3",495,0,0,718,718,666,637,0.792,1.09287383807449,1874.88009681576,1.28201202945194,1.15203475828438,21
"75","ESP","APP",15,"ESP_APP_15_B1",524,12,0,714,714,650,706,0.7086,0.707545326738599,1267.63575212845,1.16919414530549,1.61699921995903,11
"76","ESP","APP",15,"ESP_APP_15_B2",444,6,0,704,704,650,670,0.7086,0.707545326738599,1267.63575212845,1.16919414530549,1.61699921995903,11
"77","ESP","APP",15,"ESP_APP_15_B3",579,4,0,727,727,640,722,0.7086,0.707545326738599,1267.63575212845,1.16919414530549,1.61699921995903,11
"78","ESP","APP",16,"ESP_APP_16_B1",455,4,0,703,703,550,NA,0.6882,0.613292309577301,577.460501528809,0.942565786528948,1.06689348758067,7
"79","ESP","APP",16,"ESP_APP_16_B2",476,6,0,658,658,640,564,0.6882,0.613292309577301,577.460501528809,0.942565786528948,1.06689348758067,7
"80","ESP","APP",16,"ESP_APP_16_B3",579,9,0,695,695,590,605,0.6882,0.613292309577301,577.460501528809,0.942565786528948,1.06689348758067,7
"81","EST","OSR",2,"EST_OSR_02_B1",1255,120,0.306863131303625,965,710,901,965,0.7311,0.811500860372382,20.5178363990246,-0.0181299551495934,1.34250738396415,8
"82","EST","OSR",2,"EST_OSR_02_B2",903,146,0.478175455995248,1155,716,847,1155,0.7311,0.811500860372382,20.5178363990246,-0.0181299551495934,1.34250738396415,8
"83","EST","OSR",2,"EST_OSR_02_B3",1105,47,0.456292744745741,1130,716,803,1130,0.7311,0.811500860372382,20.5178363990246,-0.0181299551495934,1.34250738396415,8
"84","EST","OSR",3,"EST_OSR_03_B1",746,166,0.342564052540335,955,678,955,814,0.5946,0.180837289660762,0.896767942157898,-0.891404960865462,1.20599826703993,3
"85","EST","OSR",3,"EST_OSR_03_B2",168,13,0.321657150836072,938,680,938,825,0.5946,0.180837289660762,0.896767942157898,-0.891404960865462,1.20599826703993,3
"86","EST","OSR",3,"EST_OSR_03_B3",794,61,0.193621112047888,801,660,767,801,0.5946,0.180837289660762,0.896767942157898,-0.891404960865462,1.20599826703993,3
"87","EST","OSR",5,"EST_OSR_05_B1",617,193,0.315044913598031,1025,748,882,1025,0.6346,0.365647127231933,3.93905712133464,-0.488047434802422,1.50455738500462,8
"88","EST","OSR",5,"EST_OSR_05_B2",412,109,0.137343561510877,826,720,788,826,0.6346,0.365647127231933,3.93905712133464,-0.488047434802422,1.50455738500462,8
"89","EST","OSR",5,"EST_OSR_05_B3",573,176,0.445356437135466,1074,688,768,1074,0.6346,0.365647127231933,3.93905712133464,-0.488047434802422,1.50455738500462,8
"90","EST","OSR",7,"EST_OSR_07_B1",755,54,0.559615787935423,1253,716,866,1253,0.4449,-0.510813527449344,0.247191226237618,-1.19542378027528,2.61762498521098,4
"91","EST","OSR",7,"EST_OSR_07_B2",1351,262,0.439143855794733,1238,798,932,1238,0.4449,-0.510813527449344,0.247191226237618,-1.19542378027528,2.61762498521098,4
"92","EST","OSR",7,"EST_OSR_07_B3",1060,46,0.386161109593196,1180,802,986,1180,0.4449,-0.510813527449344,0.247191226237618,-1.19542378027528,2.61762498521098,4
"93","EST","OSR",8,"EST_OSR_08_B1",928,364,0.469658265747224,1158,724,914,1158,0.4493,-0.490484445316515,11.8604981783389,-0.175105058448916,2.94623171562807,9
"94","EST","OSR",8,"EST_OSR_08_B2",707,128,0.301193324185535,919,680,737,919,0.4493,-0.490484445316515,11.8604981783389,-0.175105058448916,2.94623171562807,9
"95","EST","OSR",8,"EST_OSR_08_B3",1107,106,0.274552781009988,908,690,830,908,0.4493,-0.490484445316515,11.8604981783389,-0.175105058448916,2.94623171562807,9
"96","EST","APP",9,"EST_APP_09_B1",495,93,0.398303952185336,974,654,854,974,0.5266,-0.133339434210228,26.2892499560797,0.0530144528010079,1.75261666373865,5
"97","EST","APP",9,"EST_APP_09_B2",243,67,0.619381030320336,1254,675,843,1254,0.5266,-0.133339434210228,26.2892499560797,0.0530144528010079,1.75261666373865,5
"98","EST","APP",9,"EST_APP_09_B3",775,246,0.517040684169425,1345,802,879,1345,0.5266,-0.133339434210228,26.2892499560797,0.0530144528010079,1.75261666373865,5
"99","EST","APP",10,"EST_APP_10_B1",1329,131,0.367724780125317,1131,783,848,1131,0.7076,0.70292508079932,245.520105408587,0.696089469533523,1.0088900883169,5
"100","EST","APP",10,"EST_APP_10_B2",1180,193,0.187397709825815,948,786,882,948,0.7076,0.70292508079932,245.520105408587,0.696089469533523,1.0088900883169,5
"101","EST","APP",10,"EST_APP_10_B3",1485,31,0.225524819802854,946,755,794,946,0.7076,0.70292508079932,245.520105408587,0.696089469533523,1.0088900883169,5
"102","EST","APP",12,"EST_APP_12_B1",338,25,0.436640725576614,1238,800,875,1238,0.6153,0.276476380603843,0,-1.55423160911155,0,0
"103","EST","APP",12,"EST_APP_12_B2",634,136,0.313897914582674,1095,800,803,1095,0.6153,0.276476380603843,0,-1.55423160911155,0,0
"104","EST","APP",12,"EST_APP_12_B3",1432,114,0.289243353018733,1282,960,907,1282,0.6153,0.276476380603843,0,-1.55423160911155,0,0
"105","EST","APP",13,"EST_APP_13_B1",283,1,0.363319486657401,906,630,874,906,0.4289,-0.584737462477812,0.0748129675810474,-1.39322096180233,1,1
"106","EST","APP",13,"EST_APP_13_B2",601,36,0.68741650585096,1392,700,801,1392,0.4289,-0.584737462477812,0.0748129675810474,-1.39322096180233,1,1
"107","EST","APP",13,"EST_APP_13_B3",751,2,0.350919532368112,990,697,872,990,0.4289,-0.584737462477812,0.0748129675810474,-1.39322096180233,1,1
"108","EST","APP",15,"EST_APP_15_B1",687,150,0.464707941671025,1130,710,770,1130,0.3896,-0.766313127891487,1.30579791083217,-0.792286477392122,1.16361102720822,4
"109","EST","APP",15,"EST_APP_15_B2",792,10,0.183278952750282,836,696,716,836,0.3896,-0.766313127891487,1.30579791083217,-0.792286477392122,1.16361102720822,4
"110","EST","APP",15,"EST_APP_15_B3",707,195,0.454846356024089,1100,698,786,1100,0.3896,-0.766313127891487,1.30579791083217,-0.792286477392122,1.16361102720822,4
"111","EST","APP",16,"EST_APP_16_B1",923,148,0.529775372545653,1172,690,790,1172,0.4198,-0.626781700525254,1.59740398880938,-0.737949552646506,1.15863384924752,3
"112","EST","APP",16,"EST_APP_16_B2",327,40,0.0875110022810622,728,667,720,728,0.4198,-0.626781700525254,1.59740398880938,-0.737949552646506,1.15863384924752,3
"113","EST","APP",16,"EST_APP_16_B3",708,171,0.407401217135031,1034,688,713,1034,0.4198,-0.626781700525254,1.59740398880938,-0.737949552646506,1.15863384924752,3
"114","GBR","OSR",1,"GBR_OSR_01_B1",592,0,0.50608467347046,982,592,982,626,0.4932,-0.287655648582155,1.3652485825794,-0.780346488781541,2.05689434027381,4
"115","GBR","OSR",1,"GBR_OSR_01_B2",559,3,0.397193762357487,903,607,903,618,0.4932,-0.287655648582155,1.3652485825794,-0.780346488781541,2.05689434027381,4
"116","GBR","OSR",1,"GBR_OSR_01_B3",257,9,0.411337115585387,854,566,854,632,0.4932,-0.287655648582155,1.3652485825794,-0.780346488781541,2.05689434027381,4
"117","GBR","OSR",2,"GBR_OSR_02_B1",524,0,0.360513720245898,783,546,783,541,0.466,-0.413326338130551,1.49881629730292,-0.755198448893951,2.009735797933,7
"118","GBR","OSR",2,"GBR_OSR_02_B2",416,14,0.204730663562385,713,581,713,532,0.466,-0.413326338130551,1.49881629730292,-0.755198448893951,2.009735797933,7
"119","GBR","OSR",2,"GBR_OSR_02_B3",753,6,0.568610621887782,1033,585,1033,692,0.466,-0.413326338130551,1.49881629730292,-0.755198448893951,2.009735797933,7
"120","GBR","OSR",3,"GBR_OSR_03_B1",506,0,0.447777997796489,881,563,881,485,0.7537,0.915918418600094,0.837793811996868,-0.908985768392713,2.46409944704961,6
"121","GBR","OSR",3,"GBR_OSR_03_B2",391,0,0.265297991068243,751,576,751,534,0.7537,0.915918418600094,0.837793811996868,-0.908985768392713,2.46409944704961,6
"122","GBR","OSR",3,"GBR_OSR_03_B3",531,7,0.444408082056772,864,554,864,607,0.7537,0.915918418600094,0.837793811996868,-0.908985768392713,2.46409944704961,6
"123","GBR","OSR",4,"GBR_OSR_04_B1",360,0,0.218749425602747,738,593,738,559,0.7011,0.672893482194004,84.28451560023,0.388104133041639,1.01272092387873,5
"124","GBR","OSR",4,"GBR_OSR_04_B2",460,0,0.198523531370235,672,551,672,517,0.7011,0.672893482194004,84.28451560023,0.388104133041639,1.01272092387873,5
"125","GBR","OSR",4,"GBR_OSR_04_B3",313,0,0.0842603436177398,594,546,594,537,0.7011,0.672893482194004,84.28451560023,0.388104133041639,1.01272092387873,5
"126","GBR","OSR",5,"GBR_OSR_05_B1",712,4,0.444460874685309,889,570,889,864,0.6588,0.477457078962491,6.6315228542466,-0.340803376505172,1.47367174538813,8
"127","GBR","OSR",5,"GBR_OSR_05_B2",657,4,0.419751065355641,846,556,829,846,0.6588,0.477457078962491,6.6315228542466,-0.340803376505172,1.47367174538813,8
"128","GBR","OSR",5,"GBR_OSR_05_B3",335,4,0.439584928910544,790,509,763,790,0.6588,0.477457078962491,6.6315228542466,-0.340803376505172,1.47367174538813,8
"129","GBR","OSR",6,"GBR_OSR_06_B1",653,3,0.532880273715251,978,574,978,750,0.7986,1.12336746127373,2.79854403032024,-0.583695291565425,1.91353437970615,4
"130","GBR","OSR",6,"GBR_OSR_06_B2",429,3,0.270905437758076,729,556,729,544,0.7986,1.12336746127373,2.79854403032024,-0.583695291565425,1.91353437970615,4
"131","GBR","OSR",6,"GBR_OSR_06_B3",635,22,0.592605951338068,1040,575,1040,746,0.7986,1.12336746127373,2.79854403032024,-0.583695291565425,1.91353437970615,4
"132","GBR","OSR",7,"GBR_OSR_07_B1",644,15,0.441452740874124,877,564,877,613,0.3823,-0.800040923248226,0.467193471783284,-1.05393508251388,1.33483849080938,5
"133","GBR","OSR",7,"GBR_OSR_07_B2",523,7,0.233093882167378,808,640,808,598,0.3823,-0.800040923248226,0.467193471783284,-1.05393508251388,1.33483849080938,5
"134","GBR","OSR",7,"GBR_OSR_07_B3",495,2,0.408379712328245,859,571,859,590,0.3823,-0.800040923248226,0.467193471783284,-1.05393508251388,1.33483849080938,5
"135","GBR","OSR",8,"GBR_OSR_08_B1",668,20,0.406553839843361,919,612,919,738,0.4345,-0.558864085217848,1.33477577435415,-0.786404807344503,2.81091942628768,8
"136","GBR","OSR",8,"GBR_OSR_08_B2",897,7,0.737905081201439,1188,568,1188,797,0.4345,-0.558864085217848,1.33477577435415,-0.786404807344503,2.81091942628768,8
"137","GBR","OSR",8,"GBR_OSR_08_B3",734,11,0.779372084838962,1271,583,1271,1130,0.4345,-0.558864085217848,1.33477577435415,-0.786404807344503,2.81091942628768,8
"138","GBR","APP",9,"GBR_APP_09_B1",219,0,0,555,555,500,456,0.2584,-1.37248939512493,42906.4443177332,2.18441138954613,1.00005020217486,10
"139","GBR","APP",9,"GBR_APP_09_B2",229,10,0.0806040324146294,594,548,594,525,0.2584,-1.37248939512493,42906.4443177332,2.18441138954613,1.00005020217486,10
"140","GBR","APP",9,"GBR_APP_09_B3",164,8,0,550,550,515,460,0.2584,-1.37248939512493,42906.4443177332,2.18441138954613,1.00005020217486,10
"141","GBR","APP",11,"GBR_APP_11_B1",523,0,0.376446981308173,934,641,934,733,0.5352,-0.0936053191324259,89.7069253399924,0.406056889791629,1.64579960411346,17
"142","GBR","APP",11,"GBR_APP_11_B2",769,0,0.35719205159483,829,580,665,829,0.5352,-0.0936053191324259,89.7069253399924,0.406056889791629,1.64579960411346,17
"143","GBR","APP",11,"GBR_APP_11_B3",454,0,0.35171385258983,833,586,833,574,0.5352,-0.0936053191324259,89.7069253399924,0.406056889791629,1.64579960411346,17
"144","GBR","APP",12,"GBR_APP_12_B1",349,0,0.0696088246939835,580,541,580,529,0.471,-0.390225108434155,13.6271576048186,-0.135391409870939,3.38142868605921,16
"145","GBR","APP",12,"GBR_APP_12_B2",240,0,0.0392207131532813,546,525,546,460,0.471,-0.390225108434155,13.6271576048186,-0.135391409870939,3.38142868605921,16
"146","GBR","APP",12,"GBR_APP_12_B3",296,2,0.172450436998692,625,526,625,546,0.471,-0.390225108434155,13.6271576048186,-0.135391409870939,3.38142868605921,16
"147","GBR","APP",13,"GBR_APP_13_B1",285,0,0.0634603539172258,618,580,618,531,0.3836,-0.794034603527163,513.293721141864,0.908616506470986,1.56992762515097,16
"148","GBR","APP",13,"GBR_APP_13_B2",332,0,0,560,560,558,506,0.3836,-0.794034603527163,513.293721141864,0.908616506470986,1.56992762515097,16
"149","GBR","APP",13,"GBR_APP_13_B3",259,0,0.0295224392663218,550,534,550,502,0.3836,-0.794034603527163,513.293721141864,0.908616506470986,1.56992762515097,16
"150","GBR","APP",15,"GBR_APP_15_B1",404,0,0.193740214019166,687,566,687,520,0.2583,-1.37295141971886,3698.69247391136,1.47786320443093,1.1032428794076,20
"151","GBR","APP",15,"GBR_APP_15_B2",314,0,0.0598770380789421,585,551,585,499,0.2583,-1.37295141971886,3698.69247391136,1.47786320443093,1.1032428794076,20
"152","GBR","APP",15,"GBR_APP_15_B3",437,0,0,613,613,605,533,0.2583,-1.37295141971886,3698.69247391136,1.47786320443093,1.1032428794076,20
"153","GER","OSR",1,"GER_OSR_01_B1",1164,17,0.847281200523314,1400.56,600.25,896,1400.56,0.5719,0.0759577068391229,2.84376145072106,-0.579233025298516,1.56518399846549,6
"154","GER","OSR",1,"GER_OSR_01_B2",898,50,0.725962713518301,1166.87,564.6,910,1166.87,0.5719,0.0759577068391229,2.84376145072106,-0.579233025298516,1.56518399846549,6
"155","GER","OSR",1,"GER_OSR_01_B3",1672,5,1.05222647715094,1571.66,548.76,1318,1571.66,0.5719,0.0759577068391229,2.84376145072106,-0.579233025298516,1.56518399846549,6
"156","GER","OSR",2,"GER_OSR_02_B1",770,6,0.48413814018064,912,562,912,797,0.5898,0.158660109152222,1.51983697893678,-0.75143311007203,2.50213736029628,6
"157","GER","OSR",2,"GER_OSR_02_B2",884,124,0.578481643690607,1014.5,568.88,772,1014.5,0.5898,0.158660109152222,1.51983697893678,-0.75143311007203,2.50213736029628,6
"158","GER","OSR",2,"GER_OSR_02_B3",1005,290,0.82748483311258,1382.6,604.4,972,1382.6,0.5898,0.158660109152222,1.51983697893678,-0.75143311007203,2.50213736029628,6
"159","GER","OSR",3,"GER_OSR_03_B1",1333,18,0.772552028929836,1285.14,593.52,742,1285.14,0.9594,1.86630300830984,4.65093879999794,-0.441252736231,1.72984508501286,15
"160","GER","OSR",3,"GER_OSR_03_B2",599,11,0.549769983553679,1042,601.32,1042,747.3,0.9594,1.86630300830984,4.65093879999794,-0.441252736231,1.72984508501286,15
"161","GER","OSR",3,"GER_OSR_03_B3",1204,39,0.96563660597731,1458,555.12,1002,1458,0.9594,1.86630300830984,4.65093879999794,-0.441252736231,1.72984508501286,15
"162","GER","OSR",4,"GER_OSR_04_B1",602,8,0.483781507481885,1036,638.64,1036,634,0.8513,1.36685442227375,72.5821812169084,0.345069389343258,1.05191566981027,12
"163","GER","OSR",4,"GER_OSR_04_B2",808,26,0.276633438696271,913.9,693.04,838,913.9,0.8513,1.36685442227375,72.5821812169084,0.345069389343258,1.05191566981027,12
"164","GER","OSR",4,"GER_OSR_04_B3",548,90,0.38229804882663,960,655,960,846.36,0.8513,1.36685442227375,72.5821812169084,0.345069389343258,1.05191566981027,12
"165","GER","OSR",5,"GER_OSR_05_B1",946,195,0.675357638996447,1248,635.2,1060,1248,0.9665,1.89910675447872,0.708403026792322,-0.951784626613135,1.63893242639241,5
"166","GER","OSR",5,"GER_OSR_05_B2",1151,62,0.504792249389148,1010.75,610.12,886,1010.75,0.9665,1.89910675447872,0.708403026792322,-0.951784626613135,1.63893242639241,5
"167","GER","OSR",5,"GER_OSR_05_B3",619,22,0.50547515621316,932,562.2,932,780.4,0.9665,1.89910675447872,0.708403026792322,-0.951784626613135,1.63893242639241,5
"168","GER","OSR",6,"GER_OSR_06_B1",980,264,1.04995092386252,1641.64,574.5,868,1641.64,0.8504,1.3626962009284,1.24506231125072,-0.805017716410436,2.3479084533284,8
"169","GER","OSR",6,"GER_OSR_06_B2",1334,188,1.03149563127082,1835.2,654.2,1218,1835.2,0.8504,1.3626962009284,1.24506231125072,-0.805017716410436,2.3479084533284,8
"170","GER","OSR",6,"GER_OSR_06_B3",843,92,0.421696509584326,968.3,635.14,914,968.3,0.8504,1.3626962009284,1.24506231125072,-0.805017716410436,2.3479084533284,8
"171","GER","OSR",7,"GER_OSR_07_B1",1207,220,0.879575352326395,1478.7,613.6,1072,1478.7,0.4815,-0.341712526071723,0.577893956862696,-1.00253979944443,1.84434241551924,3
"172","GER","OSR",7,"GER_OSR_07_B3",859,110,0.646585029501796,1035.6,542.48,846,1035.6,0.4815,-0.341712526071723,0.577893956862696,-1.00253979944443,1.84434241551924,3
"173","GER","OSR",8,"GER_OSR_08_B1",683,70,0.405883857890865,979.31,652.6,920,979.31,0.599,0.201166371793591,17.3671140032659,-0.0659352237957903,1.08544462520412,6
"174","GER","OSR",8,"GER_OSR_08_B2",1806,0,1.17429449413556,1802.05,556.9,982,1802.05,0.599,0.201166371793591,17.3671140032659,-0.0659352237957903,1.08544462520412,6
"175","GER","OSR",8,"GER_OSR_08_B3",1057,27,0.604325420927799,1057.75,578,956,1057.75,0.599,0.201166371793591,17.3671140032659,-0.0659352237957903,1.08544462520412,6
"176","GER","APP",9,"GER_APP_09_B1",126,10,0.195795015398667,750.2,616.8,750.2,746.8,0.4815,-0.341712526071723,64.2258082018243,0.309861774108093,1.79043813145751,13
"177","GER","APP",9,"GER_APP_09_B2",373,4,0.0805118608606546,692.9,639.3,692.9,677,0.4815,-0.341712526071723,64.2258082018243,0.309861774108093,1.79043813145751,13
"178","GER","APP",9,"GER_APP_09_B3",169,2,0.0523128764472675,702.4,666.6,702.4,678.6,0.4815,-0.341712526071723,64.2258082018243,0.309861774108093,1.79043813145751,13
"179","GER","APP",10,"GER_APP_10_B1",207,28,0.169640444162063,830.6,701,830.6,786.5,0.2605,-1.36278687865244,5.72773571020017,-0.382363688473978,1.97323642323929,7
"180","GER","APP",10,"GER_APP_10_B2",297,4,0.146467026205636,771.4,666.3,771.4,735.8,0.2605,-1.36278687865244,5.72773571020017,-0.382363688473978,1.97323642323929,7
"181","GER","APP",10,"GER_APP_10_B3",249,9,0.125812818578027,759.6,669.8,733.6,759.6,0.2605,-1.36278687865244,5.72773571020017,-0.382363688473978,1.97323642323929,7
"182","GER","APP",11,"GER_APP_11_B1",141,12,0.172561573013998,764.7,643.5,764.7,701,0.4315,-0.572724823035686,2497.70766138624,1.36469150427947,1.03353420471155,15
"183","GER","APP",11,"GER_APP_11_B2",83,6,0,716.1,716.1,713.1,636.6,0.4315,-0.572724823035686,2497.70766138624,1.36469150427947,1.03353420471155,15
"184","GER","APP",11,"GER_APP_11_B3",269,4,0.195539346389755,816.4,671.4,816.4,784.6,0.4315,-0.572724823035686,2497.70766138624,1.36469150427947,1.03353420471155,15
"185","GER","APP",12,"GER_APP_12_B1",282,49,0.0633078733651738,741.7,696.2,741.7,714.5,0.5335,-0.101459737229201,602.672271648919,0.954882369082603,1.03886049035615,19
"186","GER","APP",12,"GER_APP_12_B2",98,7,0.098346814184921,702.5,636.7,702.5,679.7,0.5335,-0.101459737229201,602.672271648919,0.954882369082603,1.03886049035615,19
"187","GER","APP",12,"GER_APP_12_B3",376,14,0.128243632667086,786.8,692.1,786.8,746.6,0.5335,-0.101459737229201,602.672271648919,0.954882369082603,1.03886049035615,19
"188","GER","APP",13,"GER_APP_13_B1",91,4,0.0158477271232036,686.9,676.1,686.9,667.3,0.3802,-0.809743439720712,250.803848506464,0.702224873612572,1.10212395400024,13
"189","GER","APP",13,"GER_APP_13_B2",218,9,0,687.4,687.4,611.1,585.1,0.3802,-0.809743439720712,250.803848506464,0.702224873612572,1.10212395400024,13
"190","GER","APP",13,"GER_APP_13_B3",258,6,0.0358485117140418,613.4,591.8,613.4,612.4,0.3802,-0.809743439720712,250.803848506464,0.702224873612572,1.10212395400024,13
"191","GER","APP",14,"GER_APP_14_B1",199,8,0.368437124330152,889.4,615.3,773.9,889.4,0.358,-0.912312899572712,125.65438001595,0.503107403371058,1.26664463456592,18
"192","GER","APP",14,"GER_APP_14_B2",334,18,0.0114240876879592,748.3,739.8,748.3,715.8,0.358,-0.912312899572712,125.65438001595,0.503107403371058,1.26664463456592,18
"193","GER","APP",14,"GER_APP_14_B3",333,30,0,661.6,661.6,632.6,640.2,0.358,-0.912312899572712,125.65438001595,0.503107403371058,1.26664463456592,18
"194","GER","APP",15,"GER_APP_15_B1",216,2,0.118135707146549,779.9,693,751.8,779.9,0.4339,-0.561636232781416,151.561114036988,0.557105011774099,1.2837143538652,21
"195","GER","APP",15,"GER_APP_15_B2",537,64,0.0888179826055895,826,755.8,823.5,826,0.4339,-0.561636232781416,151.561114036988,0.557105011774099,1.2837143538652,21
"196","GER","APP",15,"GER_APP_15_B3",405,38,0.449125024550078,972.6,620.7,950.2,972.6,0.4339,-0.561636232781416,151.561114036988,0.557105011774099,1.2837143538652,21
"197","GER","APP",16,"GER_APP_16_B1",253,17,0,754,754,733.2,706,0.6281,0.335615528626618,312.704130485359,0.765789939754639,1.93876560900922,21
"198","GER","APP",16,"GER_APP_16_B2",328,47,0.171531226775604,783.5,660,750.8,783.5,0.6281,0.335615528626618,312.704130485359,0.765789939754639,1.93876560900922,21
"199","GER","APP",16,"GER_APP_16_B3",356,9,0.128006104170784,763.2,671.5,763.2,741.1,0.6281,0.335615528626618,312.704130485359,0.765789939754639,1.93876560900922,21
"200","IRE","OSR",2,"IRE_OSR_02_B1",337,0,0.238935159942138,734,578,734,618,0.3957,-0.738129627661884,0.186263301828127,-1.2510488907551,2.12932820044427,5
"201","IRE","OSR",2,"IRE_OSR_02_B2",954,3,0.460159766319205,930,587,927,930,0.3957,-0.738129627661884,0.186263301828127,-1.2510488907551,2.12932820044427,5
"202","IRE","OSR",2,"IRE_OSR_02_B3",417,0,0.274368583986317,771,586,771,684,0.3957,-0.738129627661884,0.186263301828127,-1.2510488907551,2.12932820044427,5
"203","IRE","OSR",3,"IRE_OSR_03_B1",810,1,0.286365416567034,759,570,714,759,0.2477,-1.42192602667522,7.17553369060343,-0.318400464884934,1.02646147967898,4
"204","IRE","OSR",3,"IRE_OSR_03_B2",399,2,0.319880604131135,789,573,789,729,0.2477,-1.42192602667522,7.17553369060343,-0.318400464884934,1.02646147967898,4
"205","IRE","OSR",3,"IRE_OSR_03_B3",759,9,0.491326398714557,948,580,813,948,0.2477,-1.42192602667522,7.17553369060343,-0.318400464884934,1.02646147967898,4
"206","IRE","OSR",4,"IRE_OSR_04_B1",237,2,0.164154252838506,720,611,720,624,0.7114,0.720482015368581,0.651221974944409,-0.972931781488266,1.25314007796874,5
"207","IRE","OSR",4,"IRE_OSR_04_B2",485,1,0.295541471749671,809,602,809,809,0.7114,0.720482015368581,0.651221974944409,-0.972931781488266,1.25314007796874,5
"208","IRE","OSR",4,"IRE_OSR_04_B3",528,1,0.413918243819223,891,589,790,891,0.7114,0.720482015368581,0.651221974944409,-0.972931781488266,1.25314007796874,5
"209","IRE","OSR",5,"IRE_OSR_05_B1",697,13,0.32396174653243,842,609,831,842,0.5607,0.0242109523191952,0.103664312692353,-1.34918627648126,1.10942870817561,2
"210","IRE","OSR",5,"IRE_OSR_05_B2",458,1,0.23417491840421,752,595,715,752,0.5607,0.0242109523191952,0.103664312692353,-1.34918627648126,1.10942870817561,2
"211","IRE","OSR",5,"IRE_OSR_05_B3",437,1,0.153698498042479,737,632,737,626,0.5607,0.0242109523191952,0.103664312692353,-1.34918627648126,1.10942870817561,2
"212","IRE","OSR",8,"IRE_OSR_08_B1",1769,4,0.837254406869842,1453,629,1113,1453,0.5468,-0.0400104662367866,0.219321026826577,-1.21954562617906,1.57597823562526,3
"213","IRE","OSR",8,"IRE_OSR_08_B2",639,27,0.348590825538773,880,621,652,880,0.5468,-0.0400104662367866,0.219321026826577,-1.21954562617906,1.57597823562526,3
"214","IRE","OSR",8,"IRE_OSR_08_B3",642,33,0.508473867264638,991,596,772,991,0.5468,-0.0400104662367866,0.219321026826577,-1.21954562617906,1.57597823562526,3
"215","IRE","APP",9,"IRE_APP_09_B1",867,2,0.762260817701291,1183,552,669,1183,0.261,-1.3604767556828,21139.4204379086,1.98035275506822,1.00182470770958,10
"216","IRE","APP",9,"IRE_APP_09_B2",320,0,0.311018752631017,737,540,713,737,0.261,-1.3604767556828,21139.4204379086,1.98035275506822,1.00182470770958,10
"217","IRE","APP",9,"IRE_APP_09_B3",1058,3,0.747115465396799,1123,532,916,1123,0.261,-1.3604767556828,21139.4204379086,1.98035275506822,1.00182470770958,10
"218","IRE","APP",10,"IRE_APP_10_B1",533,7,0.234478036388316,732,579,732,676,0.2896,-1.22833772181941,160.261723013159,0.573185571344972,1.09173924847392,10
"219","IRE","APP",10,"IRE_APP_10_B2",721,2,0.367724780125317,832,576,832,765,0.2896,-1.22833772181941,160.261723013159,0.573185571344972,1.09173924847392,10
"220","IRE","APP",10,"IRE_APP_10_B3",359,7,0.373295825174773,780,537,726,780,0.2896,-1.22833772181941,160.261723013159,0.573185571344972,1.09173924847392,10
"221","IRE","APP",12,"IRE_APP_12_B1",410,2,0.267383995337804,699,535,699,646,0.1885,-1.69544458628055,0.0278330019880716,-1.48344627510242,1,1
"222","IRE","APP",12,"IRE_APP_12_B2",422,2,0.451464516356028,823,524,823,702,0.1885,-1.69544458628055,0.0278330019880716,-1.48344627510242,1,1
"223","IRE","APP",12,"IRE_APP_12_B3",577,0,0.388914762164487,779,528,779,760,0.1885,-1.69544458628055,0.0278330019880716,-1.48344627510242,1,1
"224","IRE","APP",14,"IRE_APP_14_B1",350,4,0.367581790205863,777,538,777,677,0.3364,-1.01211021186114,4.49778703830156,-0.45069842685087,1.44870582512736,11
"225","IRE","APP",14,"IRE_APP_14_B2",416,2,0.430054053086427,844,549,759,844,0.3364,-1.01211021186114,4.49778703830156,-0.45069842685087,1.44870582512736,11
"226","IRE","APP",14,"IRE_APP_14_B3",296,1,0.277857432023263,709,537,709,599,0.3364,-1.01211021186114,4.49778703830156,-0.45069842685087,1.44870582512736,11
"227","ITA","OSR",1,"ITA_OSR_01_B1",357,110,0.330241686870577,864,621,626,864,0.5659,0.0482362312034476,0.30148764555524,-1.15353824743918,1.4897036603906,3
"228","ITA","OSR",1,"ITA_OSR_01_B2",773,38,0.716009823982716,1283,627,758,1283,0.5659,0.0482362312034476,0.30148764555524,-1.15353824743918,1.4897036603906,3
"229","ITA","OSR",1,"ITA_OSR_01_B3",610,193,0.70598844850827,1254,619,808,1254,0.5659,0.0482362312034476,0.30148764555524,-1.15353824743918,1.4897036603906,3
"230","ITA","OSR",3,"ITA_OSR_03_B1",1844,70,1.37210972612793,2520,639,797,2520,0.6755,0.554615186148455,0.501687450230248,-1.03691645933403,2.97938404879385,4
"231","ITA","OSR",3,"ITA_OSR_03_B2",827,180,0.659394893755054,1340,693,1018,1340,0.6755,0.554615186148455,0.501687450230248,-1.03691645933403,2.97938404879385,4
"232","ITA","OSR",3,"ITA_OSR_03_B3",958,263,0.912014175106895,1750,703,1170,1750,0.6755,0.554615186148455,0.501687450230248,-1.03691645933403,2.97938404879385,4
"233","ITA","OSR",4,"ITA_OSR_04_B1",1174,149,0.84863208340034,1500,642,1012,1500,0.7963,1.11274089561339,13.797128692576,-0.131843972340851,1.29594458790982,16
"234","ITA","OSR",4,"ITA_OSR_04_B2",790,376,0.712536303995786,1354,664,758,1354,0.7963,1.11274089561339,13.797128692576,-0.131843972340851,1.29594458790982,16
"235","ITA","OSR",4,"ITA_OSR_04_B3",1308,18,0.903551706096725,1560,632,857,1560,0.7963,1.11274089561339,13.797128692576,-0.131843972340851,1.29594458790982,16
"236","ITA","OSR",5,"ITA_OSR_05_B1",963,146,0.797392424852271,1394,628,677,1394,0.6985,0.660880842751878,0.241168626721464,-1.20046812574105,2.13243838364242,6
"237","ITA","OSR",5,"ITA_OSR_05_B2",566,123,0.528873693637694,1025,604,695,1025,0.6985,0.660880842751878,0.241168626721464,-1.20046812574105,2.13243838364242,6
"238","ITA","OSR",5,"ITA_OSR_05_B3",775,182,0.870680220622103,1500,628,774,1500,0.6985,0.660880842751878,0.241168626721464,-1.20046812574105,2.13243838364242,6
"239","ITA","OSR",6,"ITA_OSR_06_B1",1087,99,0.630366644053272,1281,682,884,1281,0.6159,0.279248528167411,82.0308237526514,0.380300585233434,1.0098491560459,8
"240","ITA","OSR",6,"ITA_OSR_06_B2",870,136,0.79421489116489,1498,677,809,1498,0.6159,0.279248528167411,82.0308237526514,0.380300585233434,1.0098491560459,8
"241","ITA","OSR",6,"ITA_OSR_06_B3",1111,41,0.971167342099989,1751,663,923,1751,0.6159,0.279248528167411,82.0308237526514,0.380300585233434,1.0098491560459,8
"242","ITA","OSR",7,"ITA_OSR_07_B1",1521,49,0.863298201733645,1470,620,965,1470,0.5359,-0.0903711469749304,0.103970450480077,-1.34875329323149,1.83863533480557,3
"243","ITA","OSR",7,"ITA_OSR_07_B2",935,378,0.849360142000767,1618,692,870,1618,0.5359,-0.0903711469749304,0.103970450480077,-1.34875329323149,1.83863533480557,3
"244","ITA","OSR",7,"ITA_OSR_07_B3",802,100,0.499154729622883,1079,655,910,1079,0.5359,-0.0903711469749304,0.103970450480077,-1.34875329323149,1.83863533480557,3
"245","ITA","OSR",8,"ITA_OSR_08_B1",1199,334,1.08488209585621,1953,660,1110,1953,0.6643,0.502868431628528,22.5112951282598,0.00847509917816265,1.04787090597032,11
"246","ITA","OSR",8,"ITA_OSR_08_B2",1023,60,0.989013662255215,1554,578,843,1554,0.6643,0.502868431628528,22.5112951282598,0.00847509917816265,1.04787090597032,11
"247","ITA","OSR",8,"ITA_OSR_08_B3",922,94,0.860747962275452,1497,633,832,1497,0.6643,0.502868431628528,22.5112951282598,0.00847509917816265,1.04787090597032,11
"248","ITA","APP",9,"ITA_APP_09_B1",855,158,0.712341627816092,1315,645,645,1315,0.6598,0.482077324901771,921.745921720299,1.07734942913661,1.80769588531554,26
"249","ITA","APP",9,"ITA_APP_09_B2",167,6,0.218320944654279,724,582,598,724,0.6598,0.482077324901771,921.745921720299,1.07734942913661,1.80769588531554,26
"250","ITA","APP",9,"ITA_APP_09_B3",504,0,0.0543940720657988,680,644,618,680,0.6598,0.482077324901771,921.745921720299,1.07734942913661,1.80769588531554,26
"251","ITA","APP",10,"ITA_APP_10_B1",524,518,0.580872203473286,1153,645,644,1153,0.1093,-2.06136806467147,3514.41012520288,1.46313094400795,1.26324419246924,22
"252","ITA","APP",10,"ITA_APP_10_B2",428,75,0.303823288631166,916,676,647,916,0.1093,-2.06136806467147,3514.41012520288,1.46313094400795,1.26324419246924,22
"253","ITA","APP",10,"ITA_APP_10_B3",743,107,0.0469294322219834,698,666,634,698,0.1093,-2.06136806467147,3514.41012520288,1.46313094400795,1.26324419246924,22
"254","ITA","APP",11,"ITA_APP_11_B1",538,15,0.383060912354317,971,662,820,971,0.436,-0.551933716308929,29.376922051599,0.0849114898177284,2.1772257832568,13
"255","ITA","APP",11,"ITA_APP_11_B2",542,44,0.475072063816194,989,615,744,989,0.436,-0.551933716308929,29.376922051599,0.0849114898177284,2.1772257832568,13
"256","ITA","APP",11,"ITA_APP_11_B3",1452,71,0.936916366852471,1641,643,1214,1641,0.436,-0.551933716308929,29.376922051599,0.0849114898177284,2.1772257832568,13
"257","ITA","APP",12,"ITA_APP_12_B1",946,89,0.618920858207849,1207,650,694,1207,0.5129,-0.196636803578354,329.546875574833,0.780908055876139,1.02619927798486,14
"258","ITA","APP",12,"ITA_APP_12_B2",956,148,0.674455047547793,1272,648,672,1272,0.5129,-0.196636803578354,329.546875574833,0.780908055876139,1.02619927798486,14
"259","ITA","APP",12,"ITA_APP_12_B3",845,202,0.69473071216559,1264,631,720,1264,0.5129,-0.196636803578354,329.546875574833,0.780908055876139,1.02619927798486,14
"260","ITA","APP",13,"ITA_APP_13_B1",522,68,0.546957391063499,1099,636,719,1099,0.3401,-0.995015301885811,1224.54383929171,1.15922517840484,3.35138313911414,27
"261","ITA","APP",13,"ITA_APP_13_B2",895,61,0.916290731874155,1580,632,879,1580,0.3401,-0.995015301885811,1224.54383929171,1.15922517840484,3.35138313911414,27
"262","ITA","APP",13,"ITA_APP_13_B3",861,107,0.749069315866649,1379,652,911,1379,0.3401,-0.995015301885811,1224.54383929171,1.15922517840484,3.35138313911414,27
"263","ITA","APP",14,"ITA_APP_14_B1",481,59,0.357939966245319,904,632,769,904,0.2327,-1.4912297157644,286.838419883588,0.740909713584386,1.64606138683195,17
"264","ITA","APP",14,"ITA_APP_14_B2",778,28,0.437504461852781,999,645,769,999,0.2327,-1.4912297157644,286.838419883588,0.740909713584386,1.64606138683195,17
"265","ITA","APP",14,"ITA_APP_14_B3",544,18,0.367724780125317,897,621,669,897,0.2327,-1.4912297157644,286.838419883588,0.740909713584386,1.64606138683195,17
"266","ITA","APP",15,"ITA_APP_15_B1",517,125,0.56710645966458,1005,570,602,1005,0.4481,-0.49602874044365,26.5132599220272,0.0554511343709497,3.54450318815754,17
"267","ITA","APP",15,"ITA_APP_15_B2",506,101,0.366823937132796,863,598,631,863,0.4481,-0.49602874044365,26.5132599220272,0.0554511343709497,3.54450318815754,17
"268","ITA","APP",15,"ITA_APP_15_B3",436,66,0.356177307700545,861,603,633,861,0.4481,-0.49602874044365,26.5132599220272,0.0554511343709497,3.54450318815754,17
"269","ITA","APP",16,"ITA_APP_16_B1",663,139,0.282020917017043,822,620,650,822,0.5494,-0.0279978267946606,7.91023222652092,-0.290668411686297,3.20662102085848,14
"270","ITA","APP",16,"ITA_APP_16_B2",760,27,0.569303821353006,1115,631,637,1115,0.5494,-0.0279978267946606,7.91023222652092,-0.290668411686297,3.20662102085848,14
"271","ITA","APP",16,"ITA_APP_16_B3",1069,347,1.05135940381756,1674,585,616,1674,0.5494,-0.0279978267946606,7.91023222652092,-0.290668411686297,3.20662102085848,14
"272","SWE","OSR",1,"SWE_OSR_01_B1",995,248,0.854691609412142,1448,616,1137,1448,0.8877,1.53503137446352,2.16216193475961,-0.65515316283438,1.73405387167721,8
"273","SWE","OSR",1,"SWE_OSR_01_B2",1073,16,0.82017330991102,1576,694,875,1576,0.8877,1.53503137446352,2.16216193475961,-0.65515316283438,1.73405387167721,8
"274","SWE","OSR",1,"SWE_OSR_01_B3",1350,165,1.2003774417342,2036,613,1155,2036,0.8877,1.53503137446352,2.16216193475961,-0.65515316283438,1.73405387167721,8
"275","SWE","OSR",2,"SWE_OSR_02_B1",1480,76,1.30815322194855,2227,602,1415,2227,0.9081,1.62928439162481,1.11209862295493,-0.835022612907329,2.16516865658104,6
"276","SWE","OSR",2,"SWE_OSR_02_B2",1064,101,0.832098640653807,1480,644,771,1480,0.9081,1.62928439162481,1.11209862295493,-0.835022612907329,2.16516865658104,6
"277","SWE","OSR",2,"SWE_OSR_02_B3",1790,19,1.30084915516301,2343,638,1341,2343,0.9081,1.62928439162481,1.11209862295493,-0.835022612907329,2.16516865658104,6
"278","SWE","OSR",3,"SWE_OSR_03_B1",1316,125,1.18045425142157,1947,598,1128,1947,0.6266,0.328685159717699,0.1753227941527,-1.26228203582873,1.49900989000558,3
"279","SWE","OSR",3,"SWE_OSR_03_B2",1498,236,1.09448218470743,1933,647,1015,1933,0.6266,0.328685159717699,0.1753227941527,-1.26228203582873,1.49900989000558,3
"280","SWE","OSR",3,"SWE_OSR_03_B3",1571,198,1.4297068540552,2448,586,1369,2448,0.6266,0.328685159717699,0.1753227941527,-1.26228203582873,1.49900989000558,3
"281","SWE","OSR",4,"SWE_OSR_04_B1",1148,23,0.748857787573951,1218,576,1001,1218,0.9383,1.76881581899105,0.439210048609468,-1.06852004144931,1.8141284616478,4
"282","SWE","OSR",4,"SWE_OSR_04_B2",927,213,0.649594418775775,1258,657,1094,1258,0.9383,1.76881581899105,0.439210048609468,-1.06852004144931,1.8141284616478,4
"283","SWE","OSR",4,"SWE_OSR_04_B3",1137,45,0.957227552337544,1633,627,1042,1633,0.9383,1.76881581899105,0.439210048609468,-1.06852004144931,1.8141284616478,4
"284","SWE","OSR",5,"SWE_OSR_05_B1",1482,214,1.0809678246884,1910,648,1216,1910,0.8367,1.29939883156027,1.14972472882558,-0.826210267845108,2.27549685913396,5
"285","SWE","OSR",5,"SWE_OSR_05_B2",751,192,0.774150964713032,1388,640,931,1388,0.8367,1.29939883156027,1.14972472882558,-0.826210267845108,2.27549685913396,5
"286","SWE","OSR",5,"SWE_OSR_05_B3",1430,317,1.48098168198162,2568,584,1521,2568,0.8367,1.29939883156027,1.14972472882558,-0.826210267845108,2.27549685913396,5
"287","SWE","OSR",6,"SWE_OSR_06_B1",1678,10,1.26685731410981,2215,624,1176,2215,0.9369,1.76234747467606,1.46068177345511,-0.762157445304957,1.97121814331178,5
"288","SWE","OSR",6,"SWE_OSR_06_B2",1124,17,0.848152926706937,1560,668,929,1560,0.9369,1.76234747467606,1.46068177345511,-0.762157445304957,1.97121814331178,5
"289","SWE","OSR",6,"SWE_OSR_06_B3",1195,16,1.01670151780607,1769,640,1201,1769,0.9369,1.76234747467606,1.46068177345511,-0.762157445304957,1.97121814331178,5
"290","SWE","OSR",7,"SWE_OSR_07_B1",1673,16,1.2286242858109,2026,593,1474,2026,0.4157,-0.645724708876298,0,-1.55423160911155,0,0
"291","SWE","OSR",7,"SWE_OSR_07_B2",821,3,0.81584794884331,1325,586,1023,1325,0.4157,-0.645724708876298,0,-1.55423160911155,0,0
"292","SWE","OSR",7,"SWE_OSR_07_B3",948,60,0.723677927616003,1297,629,1297,1291,0.4157,-0.645724708876298,0,-1.55423160911155,0,0
"293","SWE","OSR",8,"SWE_OSR_08_B1",1309,218,1.1604876923862,1950,611,1279,1950,0.4437,-0.516357822576479,112.291831447121,0.470723640551951,1.07469482857367,9
"294","SWE","OSR",8,"SWE_OSR_08_B2",620,44,0.557770768961853,1083,620,738,1083,0.4437,-0.516357822576479,112.291831447121,0.470723640551951,1.07469482857367,9
"295","SWE","OSR",8,"SWE_OSR_08_B3",1814,138,1.04199838886285,1837,648,1478,1837,0.4437,-0.516357822576479,112.291831447121,0.470723640551951,1.07469482857367,9
"296","SWE","APP",9,"SWE_APP_09_B1",1542,145,1.22883716444786,1941,568,1257,1941,0.8154,1.20098759305362,123.582592491235,0.498318680966146,1.03649916282972,9
"297","SWE","APP",9,"SWE_APP_09_B2",553,148,0.337145864130687,891,636,855,891,0.8154,1.20098759305362,123.582592491235,0.498318680966146,1.03649916282972,9
"298","SWE","APP",9,"SWE_APP_09_B3",1749,121,1.01287651244673,1765,641,1324,1765,0.8154,1.20098759305362,123.582592491235,0.498318680966146,1.03649916282972,9
"299","SWE","APP",10,"SWE_APP_10_B1",1594,202,1.21436873961706,2095,622,1433,2095,0.8943,1.56552499766276,2.05733364989016,-0.668830845732099,1.42064779568407,9
"300","SWE","APP",10,"SWE_APP_10_B2",1421,30,0.895990373074697,1536,627,1009,1536,0.8943,1.56552499766276,2.05733364989016,-0.668830845732099,1.42064779568407,9
"301","SWE","APP",10,"SWE_APP_10_B3",1033,158,0.913638210425024,1506,604,1076,1506,0.8943,1.56552499766276,2.05733364989016,-0.668830845732099,1.42064779568407,9
"302","SWE","APP",11,"SWE_APP_11_B1",1116,235,1.07840958135059,1764,600,1090,1764,0.3756,-0.830996571041397,434.693266361111,0.860714455714598,1.06959226423239,9
"303","SWE","APP",11,"SWE_APP_11_B2",519,144,0.366058906346443,933,647,671,933,0.3756,-0.830996571041397,434.693266361111,0.860714455714598,1.06959226423239,9
"304","SWE","APP",11,"SWE_APP_11_B3",1277,9,0.914384153603574,1572,630,973,1572,0.3756,-0.830996571041397,434.693266361111,0.860714455714598,1.06959226423239,9
"305","SWE","APP",13,"SWE_APP_13_B1",1168,100,0.896787125287387,1574,642,1140,1574,0.4527,-0.474775609122965,356.908941187329,0.803894145372975,1.02161091422428,11
"306","SWE","APP",13,"SWE_APP_13_B2",424,55,0.371563556432483,870,600,704,870,0.4527,-0.474775609122965,356.908941187329,0.803894145372975,1.02161091422428,11
"307","SWE","APP",13,"SWE_APP_13_B3",1155,71,0.777482282148789,1323,608,904,1323,0.4527,-0.474775609122965,356.908941187329,0.803894145372975,1.02161091422428,11
"308","SWE","APP",14,"SWE_APP_14_B1",604,1,0.59872945953864,1121,616,1086,1121,0.0739,-2.22492477092195,0.47369053821613,-1.05065181857133,2.43519999419292,6
"309","SWE","APP",14,"SWE_APP_14_B2",460,58,0.335811661897203,908,649,838,908,0.0739,-2.22492477092195,0.47369053821613,-1.05065181857133,2.43519999419292,6
"310","SWE","APP",14,"SWE_APP_14_B3",2100,74,1.13218858420171,1908,615,1693,1908,0.0739,-2.22492477092195,0.47369053821613,-1.05065181857133,2.43519999419292,6
"311","SWE","APP",15,"SWE_APP_15_B1",455,36,0.470419516130499,962,601,962,NA,0.7587,0.93901964829649,26546.8447532182,2.04601149158027,1.02002654716799,17
"312","SWE","APP",15,"SWE_APP_15_B2",334,0,0.0167789171291093,601,591,601,NA,0.7587,0.93901964829649,26546.8447532182,2.04601149158027,1.02002654716799,17
"313","SWE","APP",15,"SWE_APP_15_B3",502,110,0.318453731118535,880,640,880,NA,0.7587,0.93901964829649,26546.8447532182,2.04601149158027,1.02002654716799,17
"314","SWE","APP",16,"SWE_APP_16_B1",280,23,0.268554670187638,794,607,794,NA,0.2764,-1.2893249682179,87364.6390102827,2.38938882615078,1.00212380041207,10
"315","SWE","APP",16,"SWE_APP_16_B2",280,4,0,637,637,577,NA,0.2764,-1.2893249682179,87364.6390102827,2.38938882615078,1.00212380041207,10
"316","SWE","APP",16,"SWE_APP_16_B3",291,33,0.243103029053813,797,625,797,NA,0.2764,-1.2893249682179,87364.6390102827,2.38938882615078,1.00212380041207,10
